<code_scheme name="Default" version="173">
  <Objective-C>
    <option name="NAMESPACE_BRACE_PLACEMENT" value="2" />
    <option name="FUNCTION_BRACE_PLACEMENT" value="2" />
    <option name="BLOCK_BRACE_PLACEMENT" value="2" />
  </Objective-C>
  <Objective-C-extensions>
    <extensions>
      <pair source="c" header="h" fileNamingConvention="NONE" />
      <pair source="cpp" header="h" fileNamingConvention="NONE" />
      <pair source="cu" header="cuh" fileNamingConvention="NONE" />
    </extensions>
  </Objective-C-extensions>
  <codeStyleSettings language="ObjectiveC">
    <option name="RIGHT_MARGIN" value="80" />
    <option name="BRACE_STYLE" value="2" />
    <option name="CLASS_BRACE_STYLE" value="2" />
    <option name="WRAP_ON_TYPING" value="0" />
    <indentOptions>
      <option name="USE_TAB_CHARACTER" value="true" />
    </indentOptions>
  </codeStyleSettings>
</code_scheme>